data_i_godzina,uzytkownicy_online,aktywne_transmisje,czas_wykonania_s
2025-08-30 18:42:53,3456,56,10.03
2025-08-30 18:44:32,3531,60,9.72
2025-08-30 19:10:56,3350,71,10.69
2025-08-30 19:30:04,3428,67,9.48
2025-08-30 19:41:58,3665,62,14.05
2025-08-30 19:58:06,3673,73,9.82
2025-08-30 20:02:36,3594,69,13.32
2025-08-30 20:29:26,4189,67,14.44
2025-08-30 20:45:07,4157,74,9.33
2025-08-30 20:58:15,4202,80,34.83
2025-08-30 21:23:18,4391,89,9.6
2025-08-30 21:40:07,4793,98,10.8
2025-08-30 21:53:08,5742,109,9.87
2025-08-30 22:32:18,5863,115,12.89
2025-08-30 22:48:32,5991,122,9.27
2025-08-30 23:26:11,7452,127,16.48
2025-08-30 23:40:29,7650,117,9.65
2025-08-30 23:53:03,7005,112,9.56
2025-08-31 00:33:27,6715,111,9.98
2025-08-31 00:48:42,6120,108,9.7
2025-08-31 01:27:13,5470,106,3.27
2025-08-31 01:42:33,5501,97,9.54
2025-08-31 01:58:36,4949,84,9.65
2025-08-31 05:10:54,2227,47,19.24
2025-08-31 05:20:50,2039,46,10.69
2025-08-31 05:31:04,2333,45,3.26
2025-08-31 05:40:49,2188,51,10.51
2025-08-31 05:50:49,2298,49,8.84
2025-08-31 06:01:10,2283,50,3.84
2025-08-31 06:10:53,2251,61,13.33
2025-08-31 06:20:53,2376,57,12.03
2025-08-31 06:31:05,2423,57,11.85
2025-08-31 06:41:28,2683,66,14.23
2025-08-31 06:50:48,2673,55,11.03
2025-08-31 07:01:07,2599,9,9.65
2025-08-31 07:10:49,3043,46,12.39
2025-08-31 07:20:53,2974,64,10.61
2025-08-31 07:31:07,2713,68,10.06
2025-08-31 07:40:55,2950,71,27.29
2025-08-31 07:50:52,3207,77,9.61
2025-08-31 08:01:11,2923,78,12.98
2025-08-31 08:10:53,3354,79,10.3
2025-08-31 08:20:51,3442,66,9.36
2025-08-31 08:31:07,3243,71,9.48
2025-08-31 08:40:55,3647,64,10.9
2025-08-31 08:50:56,3431,73,11.57
2025-08-31 09:01:09,3807,70,10.34
2025-08-31 09:10:55,3737,75,30.08
2025-08-31 09:20:55,3640,85,16.72
2025-08-31 09:31:00,3321,74,14.0
2025-08-31 09:40:47,3601,76,6.99
2025-08-31 09:50:50,3906,94,11.96
2025-08-31 10:01:06,3787,83,42.75
2025-08-31 10:11:00,3727,83,29.03
2025-08-31 10:20:48,3625,89,3.64
2025-08-31 10:31:00,3963,90,9.69
2025-08-31 10:40:50,4082,78,11.53
2025-08-31 10:50:50,3969,85,36.48
2025-08-31 11:01:12,3993,93,12.3
2025-08-31 11:10:54,4124,80,12.84
2025-08-31 11:20:53,4255,84,11.96
2025-08-31 11:30:59,4174,86,10.63
2025-08-31 11:40:53,3901,85,9.56
2025-08-31 11:50:53,4325,71,17.17
2025-08-31 12:01:09,4610,74,9.04
2025-08-31 12:10:50,4683,77,15.31
2025-08-31 12:20:50,4589,76,13.55
2025-08-31 12:31:07,4522,78,9.57
2025-08-31 12:40:53,4273,72,9.31
2025-08-31 12:50:59,3876,70,10.58
2025-08-31 13:01:05,4313,70,9.5
2025-08-31 13:10:56,4323,73,9.91
2025-08-31 13:21:14,4352,84,15.93
2025-08-31 13:31:07,4349,81,25.26
2025-08-31 13:40:52,4193,74,9.35
2025-08-31 13:50:57,4425,87,7.2
2025-08-31 14:01:11,4279,82,10.97
2025-08-31 14:10:49,4505,90,10.44
2025-08-31 14:20:56,4345,83,26.96
2025-08-31 14:31:00,3949,77,14.87
2025-08-31 14:40:53,4061,78,9.34
2025-08-31 14:50:55,4105,71,8.74
2025-08-31 15:01:05,3851,73,10.41
2025-08-31 15:10:53,4121,79,13.33
2025-08-31 15:20:54,4115,74,12.62
2025-08-31 15:31:08,4165,82,11.07
2025-08-31 15:41:02,4309,72,16.3
2025-08-31 15:51:12,4461,71,13.12
2025-08-31 16:01:13,4463,64,5.65
2025-08-31 16:11:03,4381,65,27.72
2025-08-31 16:21:06,4202,61,29.05
2025-08-31 16:31:29,4362,68,12.7
2025-08-31 16:41:07,4014,81,9.9
2025-08-31 16:50:55,4215,79,8.93
2025-08-31 17:01:12,4165,78,9.36
2025-08-31 17:10:58,4178,77,15.36
2025-08-31 17:21:02,3989,87,9.82
2025-08-31 17:31:43,4064,78,8.75
2025-08-31 17:41:10,4163,82,13.25
2025-08-31 17:51:12,4141,95,11.95
2025-08-31 18:01:10,4187,88,14.24
2025-08-31 18:10:59,3931,77,14.53
2025-08-31 18:21:03,3966,84,19.66
2025-08-31 18:31:09,3968,77,13.6
2025-08-31 18:41:20,4180,84,12.56
2025-08-31 18:51:05,4280,83,3.56
2025-08-31 19:01:20,4461,86,13.5
2025-08-31 19:11:02,4302,73,13.69
2025-08-31 19:20:55,4313,71,15.0
2025-08-31 19:31:34,4415,71,9.66
2025-08-31 19:41:16,4320,64,9.29
2025-08-31 19:51:11,4346,66,11.27
2025-08-31 20:01:06,4339,72,11.82
2025-08-31 20:10:59,4406,63,12.08
2025-08-31 20:20:58,4628,63,13.11
2025-08-31 20:31:00,4683,71,9.87
2025-08-31 20:40:55,4828,76,10.56
2025-08-31 20:50:54,5021,81,11.2
2025-08-31 21:01:11,5339,74,9.31
2025-08-31 21:10:47,5341,80,9.45
2025-08-31 21:20:52,5651,85,9.79
2025-08-31 21:31:00,6063,83,9.82
2025-08-31 21:40:51,5872,83,9.11
2025-08-31 21:50:53,5871,82,11.72
2025-08-31 22:01:05,6460,83,9.79
2025-08-31 22:10:54,6315,89,10.2
2025-08-31 22:20:55,7373,98,20.7
2025-08-31 22:31:02,7802,104,4.57
2025-08-31 22:40:56,7700,101,9.17
2025-08-31 22:50:53,7143,111,14.69
2025-08-31 23:01:08,6912,103,11.19
2025-08-31 23:10:54,6499,111,9.13
2025-08-31 23:20:55,6699,96,9.54
2025-08-31 23:31:05,7112,96,9.37
2025-08-31 23:40:51,6714,99,8.68
2025-08-31 23:50:52,6470,107,9.27
2025-09-01 00:01:09,5823,97,10.48
2025-09-01 00:10:57,5891,93,10.99
2025-09-01 00:20:54,5279,93,9.46
2025-09-01 00:31:05,4647,98,10.62
2025-09-01 00:40:53,4930,95,12.74
2025-09-01 00:50:53,4552,89,10.88
2025-09-01 01:01:12,4110,77,9.16
2025-09-01 01:10:51,3937,74,12.9
2025-09-01 01:20:53,3340,59,9.65
2025-09-01 01:31:08,3202,67,11.95
2025-09-01 01:40:55,2939,61,8.4
2025-09-01 01:51:02,2671,58,44.69
2025-09-01 02:01:15,2478,51,9.9
2025-09-01 02:10:56,2278,52,12.93
2025-09-01 02:20:53,2169,47,13.31
2025-09-01 02:31:08,1939,42,10.06
2025-09-01 02:40:53,1776,49,3.79
2025-09-01 02:50:52,1696,40,9.02
2025-09-01 03:01:11,1573,42,10.94
2025-09-01 03:20:53,1326,26,12.57
2025-09-01 03:31:09,1353,29,11.68
2025-09-01 03:40:52,1309,21,12.2
2025-09-01 03:50:48,1374,23,9.94
2025-09-01 04:01:16,1227,20,10.34
2025-09-01 04:10:55,1089,22,13.06
2025-09-01 04:20:55,1162,24,9.85
2025-09-01 04:31:03,1054,25,10.86
2025-09-01 04:40:57,1108,24,11.67
2025-09-01 04:50:58,1118,23,13.4
2025-09-01 05:01:15,1109,23,11.99
2025-09-01 05:10:53,1179,17,10.12
2025-09-01 05:20:53,1279,22,18.8
2025-09-01 05:31:06,1300,25,11.38
2025-09-01 05:41:01,1308,22,11.16
2025-09-01 05:50:49,1245,29,10.38
2025-09-01 06:01:09,1338,30,11.72
2025-09-01 06:10:55,1469,33,9.6
2025-09-01 06:20:52,1582,33,29.92
2025-09-01 06:31:05,1523,36,12.14
2025-09-01 06:40:55,1600,37,13.85
2025-09-01 06:50:52,1772,42,9.47
2025-09-01 07:01:07,1750,10,14.2
2025-09-01 07:10:53,1735,41,29.24
2025-09-01 07:20:48,1785,34,9.09
2025-09-01 07:31:04,1812,29,11.84
2025-09-01 07:40:54,1816,31,11.97
2025-09-01 07:50:54,2118,36,11.92
2025-09-01 08:01:08,2071,37,7.9
2025-09-01 08:10:55,2008,41,6.91
2025-09-01 08:20:51,2219,49,16.01
2025-09-01 08:31:06,2337,61,15.31
2025-09-01 08:40:51,2663,68,10.06
2025-09-01 08:50:51,2776,58,13.46
2025-09-01 09:01:10,2921,61,6.92
2025-09-01 09:10:57,2896,55,9.23
2025-09-01 09:20:45,2673,60,8.83
2025-09-01 09:31:03,2724,51,12.76
2025-09-01 09:40:54,2765,52,15.69
2025-09-01 09:50:47,2799,55,4.22
2025-09-01 10:01:11,2771,49,13.94
2025-09-01 10:10:54,2754,52,10.3
2025-09-01 10:20:49,3031,54,9.7
2025-09-01 10:31:12,3206,56,25.46
2025-09-01 10:40:52,3322,68,12.96
2025-09-01 10:51:04,3204,58,12.35
2025-09-01 11:01:09,3319,62,13.84
2025-09-01 11:10:54,3318,56,13.16
2025-09-01 11:20:49,3166,56,9.43
2025-09-01 11:31:06,2978,62,11.8
2025-09-01 11:40:56,3376,59,10.39
2025-09-01 11:51:01,3178,62,8.97
2025-09-01 12:01:10,3645,62,9.71
2025-09-01 12:10:54,3301,54,30.09
2025-09-01 12:20:46,3642,55,10.42
2025-09-01 12:31:07,3301,60,9.16
2025-09-01 12:40:53,3471,64,10.23
2025-09-01 12:50:55,3632,69,19.23
2025-09-01 13:01:14,3437,55,10.62
2025-09-01 13:10:48,3322,55,9.79
2025-09-01 13:20:48,2959,65,4.79
2025-09-01 13:31:09,3047,63,14.6
2025-09-01 13:40:51,3022,57,11.48
2025-09-01 13:50:54,2881,63,9.33
2025-09-01 14:01:10,3144,58,12.8
2025-09-01 14:10:46,2909,57,10.67
2025-09-01 14:20:48,2981,55,9.39
2025-09-01 14:31:11,3167,60,10.62
2025-09-01 14:40:50,3223,46,4.08
2025-09-01 14:50:53,3035,61,31.04
2025-09-01 15:01:08,3052,54,3.92
2025-09-01 15:10:53,2594,48,9.66
2025-09-01 15:20:55,2790,67,10.8
2025-09-01 15:31:03,2970,56,9.76
2025-09-01 15:40:49,3032,56,9.62
2025-09-01 15:50:44,3194,72,10.27
2025-09-01 16:01:09,3348,67,9.19
2025-09-01 16:10:49,3275,58,9.2
2025-09-01 16:20:50,3493,62,10.44
2025-09-01 16:31:11,3691,67,13.09
2025-09-01 16:40:48,3666,69,8.68
2025-09-01 16:50:53,3559,65,11.71
2025-09-01 17:01:09,3691,54,10.25
2025-09-01 17:10:50,3372,60,11.6
2025-09-01 17:20:50,3258,54,13.74
2025-09-01 17:31:01,3632,57,4.65
2025-09-01 17:40:51,3782,64,17.79
2025-09-01 17:50:44,4072,70,7.65
2025-09-01 18:01:11,4210,77,10.77
2025-09-01 18:10:49,4479,73,9.39
2025-09-01 18:20:54,4355,71,11.49
2025-09-01 18:31:02,3952,72,7.52
2025-09-01 18:40:51,3673,69,6.01
2025-09-01 18:50:53,3850,70,13.5
2025-09-01 19:01:08,3979,64,11.68
2025-09-01 19:10:53,3642,63,10.13
2025-09-01 19:20:50,3108,55,2.8
2025-09-01 19:31:17,3366,59,8.47
2025-09-01 19:40:45,3085,62,10.41
2025-09-01 19:50:48,3332,58,10.86
2025-09-01 20:01:09,3415,60,11.58
2025-09-01 20:10:49,3378,60,13.65
2025-09-01 20:20:49,3514,58,9.09
2025-09-01 20:31:00,3767,56,9.94
2025-09-01 20:40:52,3860,51,9.4
2025-09-01 20:50:50,3952,59,13.61
2025-09-01 21:01:09,4681,80,9.98
2025-09-01 21:10:51,4866,76,13.19
2025-09-01 21:20:48,5303,77,10.41
2025-09-01 21:30:59,5294,87,5.74
2025-09-01 21:40:55,5297,86,12.0
2025-09-01 21:50:51,6286,99,10.23
2025-09-01 22:01:25,6679,92,9.6
2025-09-01 22:10:54,7208,97,12.44
2025-09-01 22:20:53,6943,104,11.83
2025-09-01 22:31:05,6919,101,11.16
2025-09-01 22:40:59,6758,106,12.84
2025-09-01 22:50:53,6779,99,15.12
2025-09-01 23:01:09,7415,111,9.01
2025-09-01 23:10:54,7456,116,18.34
2025-09-01 23:20:50,7628,112,21.87
2025-09-01 23:30:55,7410,111,11.0
2025-09-01 23:40:51,7000,104,11.43
2025-09-01 23:50:58,5955,94,11.29
2025-09-02 00:01:13,6161,96,10.53
2025-09-02 00:10:57,5054,83,10.17
2025-09-02 00:20:55,4699,81,11.03
2025-09-02 00:31:01,4333,77,11.07
2025-09-02 00:40:57,3940,82,12.27
2025-09-02 00:50:55,3982,82,11.85
2025-09-02 01:01:23,3627,82,14.17
2025-09-02 01:10:56,3198,75,14.97
2025-09-02 01:20:54,3044,69,9.27
2025-09-02 01:31:01,2843,63,10.54
2025-09-02 01:41:01,2940,59,26.37
2025-09-02 01:50:51,2641,64,9.7
2025-09-02 02:01:11,2330,54,11.18
2025-09-02 02:10:47,2121,54,9.28
2025-09-02 02:20:51,2250,51,9.76
2025-09-02 02:30:57,2182,49,9.77
2025-09-02 02:40:51,1904,44,9.66
2025-09-02 02:50:49,1892,48,10.18
2025-09-02 03:01:08,1694,42,9.48
2025-09-02 03:10:52,1567,47,16.09
2025-09-02 03:20:59,1534,43,15.38
2025-09-02 03:31:00,1512,43,8.82
2025-09-02 03:40:56,1413,39,11.48
2025-09-02 03:50:57,1291,30,9.61
2025-09-02 04:01:11,1422,32,12.23
2025-09-02 04:10:51,1318,31,4.03
2025-09-02 04:20:49,1245,30,11.08
2025-09-02 04:31:09,1234,26,12.5
2025-09-02 04:40:51,1232,23,15.12
2025-09-02 04:50:58,1069,18,13.52
2025-09-02 05:01:15,1094,22,10.41
2025-09-02 05:10:53,1180,25,9.95
2025-09-02 05:20:56,1324,29,12.02
2025-09-02 05:31:08,1331,28,13.04
2025-09-02 05:40:56,1294,29,13.06
2025-09-02 05:50:57,1376,30,11.67
2025-09-02 06:01:15,1326,30,10.42
2025-09-02 06:10:52,1417,35,9.33
2025-09-02 06:20:53,1523,33,11.32
2025-09-02 06:31:06,1500,40,11.24
2025-09-02 06:40:54,1499,39,11.79
2025-09-02 06:50:56,1500,38,13.59
2025-09-02 07:01:09,1398,11,10.19
2025-09-02 07:10:55,1460,23,12.95
2025-09-02 07:20:52,1567,32,12.2
2025-09-02 07:31:09,1744,28,12.55
2025-09-02 07:40:57,1824,39,13.95
2025-09-02 07:50:53,2106,52,9.67
2025-09-02 08:01:14,2152,44,13.26
2025-09-02 08:10:56,2104,43,13.03
2025-09-02 08:20:54,2227,47,11.35
2025-09-02 08:31:09,2394,53,9.81
2025-09-02 08:40:58,2642,59,8.9
2025-09-02 08:50:54,2631,65,9.06
2025-09-02 09:01:09,2648,58,9.43
2025-09-02 09:11:02,2867,68,12.53
2025-09-02 09:20:51,2760,78,11.54
2025-09-02 09:31:00,2923,84,10.41
2025-09-02 09:40:57,2833,78,10.81
2025-09-02 09:50:54,2810,69,11.68
2025-09-02 10:01:10,2916,62,12.86
2025-09-02 10:10:58,3152,73,12.02
2025-09-02 10:20:49,3398,69,10.28
2025-09-02 10:30:58,3179,71,12.27
2025-09-02 10:40:59,3139,73,12.79
2025-09-02 10:50:53,3497,78,10.59
2025-09-02 11:01:14,3359,74,8.79
2025-09-02 11:10:57,3159,78,4.38
2025-09-02 11:20:54,3294,77,4.05
2025-09-02 11:31:05,3398,67,15.28
2025-09-02 11:40:56,3416,67,14.19
2025-09-02 11:50:53,3703,85,12.75
2025-09-02 12:01:11,3751,70,10.0
2025-09-02 12:10:59,3467,73,11.0
2025-09-02 12:20:58,3746,66,10.37
2025-09-02 12:31:08,3552,70,11.83
2025-09-02 12:40:53,3532,61,11.09
2025-09-02 12:51:01,3596,58,8.66
2025-09-02 13:01:07,3894,61,4.01
2025-09-02 13:10:57,3691,67,36.66
2025-09-02 13:20:57,3110,67,13.08
2025-09-02 13:31:05,3413,63,11.58
2025-09-02 13:40:56,3149,68,10.92
2025-09-02 13:50:51,3300,70,3.67
2025-09-02 14:01:11,3351,69,11.95
2025-09-02 14:10:53,3071,71,12.94
2025-09-02 14:20:57,3246,73,10.61
2025-09-02 14:31:07,3229,70,10.72
2025-09-02 14:40:49,3295,70,10.68
2025-09-02 14:50:58,3542,67,12.39
2025-09-02 15:01:18,3530,68,11.31
2025-09-02 15:10:57,3209,58,12.57
2025-09-02 15:20:52,3557,52,13.62
2025-09-02 15:31:06,3803,70,11.09
2025-09-02 15:40:57,3522,68,3.96
2025-09-02 15:50:56,3680,59,9.85
2025-09-02 16:01:12,3797,54,4.38
2025-09-02 16:11:14,3514,61,12.32
2025-09-02 16:21:12,3913,58,30.02
2025-09-02 16:31:36,3845,63,13.97
2025-09-02 16:41:55,3857,82,11.55
2025-09-02 16:51:28,3907,80,11.42
2025-09-02 17:01:33,3987,75,17.35
2025-09-02 17:11:08,3716,68,12.12
2025-09-02 17:21:02,3953,64,13.26
2025-09-02 17:31:06,3961,66,14.7
2025-09-02 17:40:56,3979,77,10.28
2025-09-02 17:51:09,4006,65,10.79
2025-09-02 18:01:19,4012,63,5.11
2025-09-02 18:10:45,4047,69,10.25
2025-09-02 18:20:49,3725,65,5.06
2025-09-02 18:31:10,3609,66,12.21
2025-09-02 18:40:50,3884,68,14.07
2025-09-02 18:50:57,3904,64,9.86
2025-09-02 19:01:22,3946,66,26.66
2025-09-02 19:11:11,3906,63,22.86
2025-09-02 19:20:47,3925,61,12.29
2025-09-02 19:31:20,3809,56,12.32
2025-09-02 19:40:56,3782,66,17.13
2025-09-02 19:51:06,4091,57,10.55
2025-09-02 20:01:11,4040,65,11.44
2025-09-02 20:11:10,4052,64,33.08
2025-09-02 20:20:50,4476,61,13.13
2025-09-02 20:31:09,4447,67,13.91
2025-09-02 20:40:57,4679,73,10.63
2025-09-02 20:51:15,4496,79,42.82
2025-09-02 21:01:20,5147,71,27.78
2025-09-02 21:11:20,5256,72,28.29
2025-09-02 21:21:10,4720,64,24.52
2025-09-02 21:31:18,5495,75,43.77
2025-09-02 21:41:12,5610,80,30.2
2025-09-02 21:51:20,5965,81,18.27
2025-09-02 22:01:09,6368,91,26.89
2025-09-02 22:11:05,6305,81,13.6
2025-09-02 22:21:00,6377,95,12.14
2025-09-02 22:31:15,6814,96,19.43
2025-09-02 22:40:59,6914,100,13.54
2025-09-02 22:51:16,7337,106,17.86
2025-09-02 23:01:11,7521,112,21.94
2025-09-02 23:11:01,7743,106,26.65
2025-09-02 23:20:49,7204,100,13.32
2025-09-02 23:30:59,6526,100,15.06
2025-09-02 23:40:55,6071,85,21.09
2025-09-02 23:50:53,6182,97,14.75
2025-09-03 00:01:14,6010,89,21.73
2025-09-03 00:11:01,6110,87,18.8
2025-09-03 00:21:03,4814,78,48.85
2025-09-03 00:31:17,4707,71,15.04
2025-09-03 00:40:58,4324,81,23.28
2025-09-03 00:50:57,4159,68,19.05
2025-09-03 01:01:14,3762,57,14.03
2025-09-03 01:10:57,3540,59,23.31
2025-09-03 01:20:54,3089,63,23.45
2025-09-03 01:31:06,2855,52,7.87
2025-09-03 01:40:57,2926,51,4.57
2025-09-03 01:50:55,2620,43,14.84
2025-09-03 02:01:21,2388,48,12.79
2025-09-03 02:10:58,1874,48,15.6
2025-09-03 02:20:52,1805,43,11.86
2025-09-03 02:31:11,1758,39,11.59
2025-09-03 02:40:55,1594,39,14.01
2025-09-03 02:50:53,1595,42,15.22
2025-09-03 03:01:16,1465,36,13.27
2025-09-03 03:10:56,1426,29,11.06
2025-09-03 03:20:54,1487,37,11.6
2025-09-03 03:31:10,1595,41,14.0
2025-09-03 03:40:57,1551,32,20.34
2025-09-03 03:50:57,1464,29,22.4
2025-09-03 04:01:17,1475,26,13.42
2025-09-03 04:10:54,1333,19,12.3
2025-09-03 04:20:53,1219,26,12.51
2025-09-03 04:31:14,1179,29,17.29
2025-09-03 04:40:57,1247,29,19.48
2025-09-03 04:50:54,1212,26,3.63
2025-09-03 05:01:19,1060,24,11.93
2025-09-03 05:10:52,1151,27,47.38
2025-09-03 05:20:56,1286,35,12.78
2025-09-03 05:31:10,1235,36,11.46
2025-09-03 05:40:51,1311,34,9.62
2025-09-03 05:50:53,1254,30,11.96
2025-09-03 06:01:10,1134,33,11.35
2025-09-03 06:10:53,1353,33,12.18
2025-09-03 06:20:55,1394,26,4.86
2025-09-03 06:31:06,1530,32,9.02
2025-09-03 06:40:58,1607,33,23.6
2025-09-03 06:51:01,1622,42,10.84
2025-09-03 07:01:23,1502,8,21.44
2025-09-03 07:11:06,1568,27,23.29
2025-09-03 07:20:57,1458,36,9.31
2025-09-03 07:31:30,1724,41,33.24
2025-09-03 07:41:07,1684,48,30.6
2025-09-03 07:50:56,1793,46,13.23
2025-09-03 08:01:20,2089,58,11.28
2025-09-03 08:11:02,1849,61,15.16
2025-09-03 08:20:59,2016,59,52.23
2025-09-03 08:31:08,2425,58,10.17
2025-09-03 08:41:06,2636,77,43.66
2025-09-03 08:51:01,2648,65,29.41
2025-09-03 09:01:19,2761,72,13.56
2025-09-03 09:10:56,2576,74,17.16
2025-09-03 09:20:50,2825,89,13.14
2025-09-03 09:31:08,2927,89,22.25
2025-09-03 09:40:55,2897,78,11.4
2025-09-03 09:50:56,3205,81,10.38
2025-09-03 10:01:12,3004,78,12.18
2025-09-03 10:10:56,3189,70,8.03
2025-09-03 10:20:57,3163,77,21.3
2025-09-03 10:31:10,3301,79,11.06
2025-09-03 10:40:52,3120,82,14.17
2025-09-03 10:50:56,3396,73,29.48
2025-09-03 11:01:13,3322,71,10.57
2025-09-03 11:10:59,3259,75,5.13
2025-09-03 11:20:57,3400,77,5.79
2025-09-03 11:31:16,3723,75,29.82
2025-09-03 11:40:56,3640,72,12.65
2025-09-03 11:50:57,3252,71,13.04
2025-09-03 12:01:15,3211,62,14.35
2025-09-03 12:11:03,3310,67,16.48
2025-09-03 12:20:59,3428,77,12.24
2025-09-03 12:31:11,3476,79,10.05
2025-09-03 12:40:55,3330,77,3.46
2025-09-03 12:50:56,3337,98,12.41
2025-09-03 13:01:19,3494,83,12.95
2025-09-03 13:11:01,3539,78,11.51
2025-09-03 13:20:53,3245,83,16.63
2025-09-03 13:31:06,3567,72,8.94
2025-09-03 13:40:59,3670,78,9.38
2025-09-03 13:50:56,3178,70,10.59
2025-09-03 14:01:12,3034,63,10.42
2025-09-03 14:10:55,3412,64,12.3
2025-09-03 14:21:00,3576,70,14.25
2025-09-03 14:31:09,3445,68,9.78
2025-09-03 14:40:52,3197,80,11.43
2025-09-03 14:50:51,3513,64,3.9
2025-09-03 15:01:18,3212,72,14.1
2025-09-03 15:10:54,3469,65,12.81
2025-09-03 15:21:01,3447,63,3.93
2025-09-03 15:31:19,3306,59,27.39
2025-09-03 15:40:56,3394,65,12.91
2025-09-03 15:51:03,3755,63,9.9
2025-09-03 16:01:26,3343,51,8.96
2025-09-03 16:11:11,3380,69,14.23
2025-09-03 16:20:58,3760,72,11.74
2025-09-03 16:31:30,3384,66,31.78
2025-09-03 16:41:10,3736,77,10.86
2025-09-03 16:51:22,3928,86,13.09
2025-09-03 17:01:04,3968,74,13.02
2025-09-03 17:10:51,4062,74,12.59
2025-09-03 17:21:04,3941,79,9.46
2025-09-03 17:31:19,4111,84,12.72
2025-09-03 17:40:56,4129,77,12.93
2025-09-03 17:51:08,4245,83,14.9
2025-09-03 18:01:19,4362,76,12.03
2025-09-03 18:11:06,4286,65,12.17
2025-09-03 18:21:01,4042,63,5.02
2025-09-03 18:31:10,3779,55,10.1
2025-09-03 18:40:53,3600,64,10.67
2025-09-03 18:50:54,3679,67,8.96
2025-09-03 19:01:29,3606,68,19.75
2025-09-03 19:11:01,3445,61,5.27
2025-09-03 19:21:04,3462,60,12.33
2025-09-03 19:31:45,3679,61,16.97
2025-09-03 19:41:02,3524,63,14.07
2025-09-03 19:51:09,3506,54,12.78
2025-09-03 20:01:45,3943,58,11.28
2025-09-03 20:11:19,3960,60,3.61
2025-09-03 20:21:00,3903,57,11.33
2025-09-03 20:31:18,4109,56,9.56
2025-09-03 20:40:51,4070,64,15.34
2025-09-03 20:51:01,4318,56,19.47
2025-09-03 21:01:11,4792,68,9.82
2025-09-03 21:10:56,4758,64,12.71
2025-09-03 21:20:56,5401,82,11.39
2025-09-03 21:31:14,5476,78,13.57
2025-09-03 21:40:52,5595,83,12.15
2025-09-03 21:51:19,5996,90,40.11
2025-09-03 22:01:17,7116,85,10.75
2025-09-03 22:10:52,7661,110,14.82
2025-09-03 22:21:01,7332,100,17.12
2025-09-03 22:31:04,7863,113,9.5
2025-09-03 22:40:57,8213,110,11.29
2025-09-03 22:51:00,8226,119,11.38
2025-09-03 23:01:19,7958,119,9.91
2025-09-03 23:10:53,7542,112,10.38
2025-09-03 23:21:01,7504,98,17.92
2025-09-03 23:31:06,6855,86,13.07
2025-09-03 23:40:58,7283,99,9.49
2025-09-03 23:50:51,6554,89,10.29
2025-09-04 00:01:12,4383,89,10.39
2025-09-04 00:11:00,4998,94,13.24
2025-09-04 00:20:58,4735,95,10.59
2025-09-04 00:31:10,4324,80,16.13
2025-09-04 00:40:58,4036,81,14.12
2025-09-04 00:51:03,3872,84,11.87
2025-09-04 01:01:18,3471,94,21.0
2025-09-04 01:11:01,3553,95,10.44
2025-09-04 01:20:53,3055,79,10.8
2025-09-04 01:31:05,2934,71,12.19
2025-09-04 01:40:57,3028,71,11.57
2025-09-04 01:50:58,2742,61,9.98
2025-09-04 02:01:06,2353,47,13.36
2025-09-04 02:10:54,2079,44,4.21
2025-09-04 02:20:53,1961,48,13.57
2025-09-04 02:31:06,1772,47,10.55
2025-09-04 02:40:53,1834,48,12.28
2025-09-04 02:50:56,1619,45,13.98
2025-09-04 03:01:12,1730,43,10.72
2025-09-04 03:11:02,1595,36,12.58
2025-09-04 03:20:55,1351,29,9.34
2025-09-04 03:31:14,1372,35,12.92
2025-09-04 03:40:58,1359,30,13.85
2025-09-04 03:51:00,1252,22,12.74
2025-09-04 04:01:15,1308,28,10.39
2025-09-04 04:10:52,1212,34,16.14
2025-09-04 04:20:57,1266,33,9.34
2025-09-04 04:31:12,1331,28,12.73
2025-09-04 04:40:58,1279,29,26.16
2025-09-04 04:50:59,1218,20,11.46
2025-09-04 05:01:17,1132,24,11.04
2025-09-04 05:10:58,1179,27,16.35
2025-09-04 05:20:57,1279,28,17.9
2025-09-04 05:31:09,1334,26,11.25
2025-09-04 05:40:54,1309,31,4.83
2025-09-04 05:51:00,1239,24,31.03
2025-09-04 06:01:19,1438,26,12.0
2025-09-04 06:11:03,1475,34,14.0
2025-09-04 06:20:59,1483,28,11.14
2025-09-04 06:31:10,1384,41,14.12
2025-09-04 06:41:14,1586,41,11.74
2025-09-04 06:51:09,1486,41,13.67
2025-09-04 07:01:36,1472,12,4.94
2025-09-04 07:11:10,1511,30,11.55
2025-09-04 07:21:13,1513,33,9.81
2025-09-04 07:31:25,1583,32,14.87
2025-09-04 07:41:11,1619,35,11.25
2025-09-04 07:51:11,1773,38,10.41
2025-09-04 08:01:37,1961,44,9.66
2025-09-04 08:11:07,2045,50,11.57
2025-09-04 08:21:11,2178,55,12.3
2025-09-04 08:31:30,2560,58,13.41
2025-09-04 08:41:18,2510,56,13.78
2025-09-04 08:51:15,2530,64,9.88
2025-09-04 09:01:16,2573,65,29.29
2025-09-04 09:11:06,2607,60,13.53
2025-09-04 09:21:00,2411,66,11.49
2025-09-04 09:31:04,2799,66,9.37
2025-09-04 09:41:03,2781,57,5.67
2025-09-04 09:50:58,2823,63,12.97
2025-09-04 10:01:14,2902,66,10.31
2025-09-04 10:11:00,2903,61,10.65
2025-09-04 10:20:57,3070,62,8.59
2025-09-04 10:31:18,3021,70,7.67
2025-09-04 10:41:01,3241,69,24.07
2025-09-04 10:50:57,3114,68,8.94
2025-09-04 11:01:15,3273,74,3.53
2025-09-04 11:10:57,3467,84,10.83
2025-09-04 11:20:57,3472,86,10.84
2025-09-04 11:31:10,3559,78,9.09
2025-09-04 11:40:54,3477,65,11.18
2025-09-04 11:50:53,3226,57,9.38
2025-09-04 12:01:16,3060,61,12.93
2025-09-04 12:11:06,3231,64,34.77
2025-09-04 12:21:01,3126,67,9.9
2025-09-04 12:31:15,3332,64,9.13
2025-09-04 12:40:53,3282,66,15.6
2025-09-04 12:50:52,3295,70,13.05
2025-09-04 13:01:14,3228,78,25.29
2025-09-04 13:11:05,3234,83,25.64
2025-09-04 13:20:59,3122,81,10.77
2025-09-04 13:31:07,3078,77,12.7
2025-09-04 13:41:02,3293,74,9.18
2025-09-04 13:50:56,3061,73,9.26
2025-09-04 14:01:16,3171,72,13.27
2025-09-04 14:10:58,3284,83,10.32
2025-09-04 14:20:58,3273,79,10.0
2025-09-04 14:31:08,3515,73,10.49
2025-09-04 14:41:00,3571,81,12.96
2025-09-04 14:50:56,3437,71,8.8
2025-09-04 15:01:20,3461,70,10.95
2025-09-04 15:10:58,3301,68,12.48
2025-09-04 15:20:54,3181,55,11.54
2025-09-04 15:31:14,3327,62,5.25
2025-09-04 15:40:56,3816,66,11.76
2025-09-04 15:51:07,4069,55,10.5
2025-09-04 16:01:25,3827,60,5.23
2025-09-04 16:11:05,3929,64,10.76
2025-09-04 16:21:10,3818,66,12.39
2025-09-04 16:31:15,3714,65,10.19
2025-09-04 16:41:04,3930,62,8.5
2025-09-04 16:51:06,4178,61,19.98
2025-09-04 17:01:13,3770,52,11.78
2025-09-04 17:11:02,3558,62,15.61
2025-09-04 17:21:05,3665,55,14.6
2025-09-04 17:31:07,3564,60,11.35
2025-09-04 17:41:10,3602,65,15.42
2025-09-04 17:50:59,3732,65,11.05
2025-09-04 18:01:17,3643,60,11.46
2025-09-04 18:11:01,3576,56,4.85
2025-09-04 18:21:02,3140,49,5.53
2025-09-04 18:31:15,3164,56,10.72
2025-09-04 18:41:04,3434,34,13.6
2025-09-04 18:50:57,3250,48,12.32
2025-09-04 19:01:12,3315,59,12.33
2025-09-04 19:10:59,3463,62,10.75
2025-09-04 19:21:04,3294,71,15.93
2025-09-04 19:31:13,3303,52,9.62
2025-09-04 19:41:04,3213,57,13.62
2025-09-04 19:51:07,3414,55,14.79
2025-09-04 20:01:22,3394,51,9.3
2025-09-04 20:11:08,3585,61,13.21
2025-09-04 20:21:06,3884,61,9.54
2025-09-04 20:31:15,4066,59,10.2
2025-09-04 20:41:04,3902,61,13.41
2025-09-04 20:51:05,4050,63,13.97
2025-09-04 21:01:20,4534,68,10.12
2025-09-04 21:10:58,4855,77,9.52
2025-09-04 21:21:03,5433,79,10.49
2025-09-04 21:30:58,5704,88,11.36
2025-09-04 21:41:09,5914,82,12.54
2025-09-04 21:51:00,6108,86,12.23
2025-09-04 22:01:17,6649,98,9.53
2025-09-04 22:11:06,6773,94,15.71
2025-09-04 22:21:00,6782,95,10.76
2025-09-04 22:31:09,6718,87,13.21
2025-09-04 22:41:00,6428,93,4.7
2025-09-04 22:51:00,7064,100,9.85
2025-09-04 23:01:08,7742,98,9.62
2025-09-04 23:10:59,7539,98,10.69
2025-09-04 23:21:05,7515,99,12.36
2025-09-04 23:31:06,7342,112,8.25
2025-09-04 23:41:00,6545,100,9.31
2025-09-04 23:51:03,6498,100,22.31
2025-09-05 00:01:20,6278,97,9.51
2025-09-05 00:11:06,5717,85,15.63
2025-09-05 00:21:01,4890,86,12.37
2025-09-05 00:31:09,4417,80,5.1
2025-09-05 00:41:01,4355,68,15.77
2025-09-05 00:51:03,3903,72,9.38
2025-09-05 01:01:15,3421,68,11.34
2025-09-05 01:10:59,3549,54,11.82
2025-09-05 01:21:02,3267,58,10.4
2025-09-05 01:31:17,2933,62,11.57
2025-09-05 01:41:00,3012,55,13.65
2025-09-05 01:51:02,2792,55,10.25
2025-09-05 02:01:19,2472,50,11.23
2025-09-05 02:11:07,2176,40,10.46
2025-09-05 02:21:04,2045,32,17.65
2025-09-05 02:31:09,1938,34,9.75
2025-09-05 02:40:58,1889,36,8.89
2025-09-05 02:50:56,1674,35,11.23
2025-09-05 03:01:17,1738,36,12.08
2025-09-05 03:10:56,1652,30,4.32
2025-09-05 03:21:02,1646,36,13.73
2025-09-05 03:31:15,1472,34,9.64
2025-09-05 03:40:58,1525,36,4.79
2025-09-05 03:50:59,1420,33,11.09
2025-09-05 04:01:17,1468,35,11.71
2025-09-05 04:10:53,1371,19,9.35
2025-09-05 04:21:03,1279,22,22.59
2025-09-05 04:31:13,1252,18,12.31
2025-09-05 04:40:56,1394,28,13.82
2025-09-05 04:51:03,1424,30,12.08
2025-09-05 05:01:22,1398,20,10.29
2025-09-05 05:11:02,1472,24,9.37
2025-09-05 05:21:05,1481,30,5.89
2025-09-05 05:31:13,1354,27,17.56
2025-09-05 05:41:03,1463,33,10.94
2025-09-05 05:50:58,1611,43,9.08
2025-09-05 06:01:22,1549,35,9.24
2025-09-05 06:11:03,1639,39,12.33
2025-09-05 06:21:07,1624,42,8.66
2025-09-05 06:31:13,1523,37,3.23
2025-09-05 06:41:04,1515,41,11.8
2025-09-05 06:51:08,1613,38,12.72
2025-09-05 07:01:19,1331,17,9.68
2025-09-05 07:11:05,1672,42,11.63
2025-09-05 07:20:57,1880,34,4.97
2025-09-05 07:31:18,1900,32,15.91
2025-09-05 07:41:02,1898,47,12.84
2025-09-05 07:51:01,1955,45,10.68
2025-09-05 08:01:20,1905,53,10.05
2025-09-05 08:11:06,2138,57,11.96
2025-09-05 08:21:09,2262,55,12.98
2025-09-05 08:31:17,2232,64,9.25
2025-09-05 08:41:03,2638,63,9.29
2025-09-05 08:51:36,2940,64,10.9
2025-09-05 09:01:26,2634,67,11.96
2025-09-05 09:11:02,2741,66,9.49
2025-09-05 09:21:04,2868,74,10.09
2025-09-05 09:31:20,3139,76,11.16
2025-09-05 09:41:06,3028,80,11.8
2025-09-05 09:51:04,3082,84,11.62
2025-09-05 10:01:20,3137,91,4.26
2025-09-05 10:11:04,3356,81,12.19
2025-09-05 10:21:03,3175,79,25.15
2025-09-05 10:31:18,3120,78,14.41
2025-09-05 10:41:10,3367,88,28.26
2025-09-05 10:51:05,3219,83,4.64
2025-09-05 11:01:28,3144,80,33.62
2025-09-05 11:11:01,3598,77,10.54
2025-09-05 11:21:05,3752,72,51.0
2025-09-05 11:31:12,3505,76,9.24
2025-09-05 11:41:00,3754,86,9.64
2025-09-05 11:50:58,3613,79,10.38
2025-09-05 12:01:18,3006,70,9.47
2025-09-05 12:11:07,3247,70,10.09
2025-09-05 12:21:01,3059,77,6.25
2025-09-05 12:31:13,3355,90,9.37
2025-09-05 12:41:05,3501,85,10.19
2025-09-05 12:51:03,3354,69,4.87
2025-09-05 13:01:24,3243,64,9.32
2025-09-05 13:11:07,3031,74,10.75
2025-09-05 13:21:00,3428,65,12.58
2025-09-05 13:31:17,3191,59,9.37
2025-09-05 13:40:57,3002,67,9.89
2025-09-05 13:51:04,3367,62,13.63
2025-09-05 14:01:18,3105,56,9.97
2025-09-05 14:10:58,3269,59,10.59
2025-09-05 14:21:05,3146,62,12.67
2025-09-05 14:31:22,3243,57,15.56
2025-09-05 14:41:00,3100,48,3.47
2025-09-05 14:51:02,3056,50,24.64
2025-09-05 15:01:18,3153,47,9.36
2025-09-05 15:11:01,3758,68,9.98
2025-09-05 15:21:07,3700,57,19.33
2025-09-05 15:31:19,3864,62,12.19
2025-09-05 15:41:05,3586,59,11.8
2025-09-05 15:50:59,3946,67,12.26
2025-09-05 16:01:17,3592,64,12.98
2025-09-05 16:11:04,3795,64,11.08
2025-09-05 16:20:58,3937,69,9.72
2025-09-05 16:31:16,3732,73,11.0
2025-09-05 16:41:05,3747,77,12.81
2025-09-05 16:50:59,3630,80,11.84
2025-09-05 17:01:20,3693,75,37.66
2025-09-05 17:11:01,3723,61,10.09
2025-09-05 17:20:58,3775,62,3.92
2025-09-05 17:31:18,3665,69,11.57
2025-09-05 17:40:58,3754,69,13.5
2025-09-05 17:51:03,3975,68,10.71
2025-09-05 18:01:21,3904,71,10.06
2025-09-05 18:11:04,3836,72,9.39
2025-09-05 18:21:05,3947,74,10.08
2025-09-05 18:31:18,3896,72,11.71
2025-09-05 18:41:16,3885,71,9.88
2025-09-05 18:51:25,3526,65,15.02
2025-09-05 19:01:23,3718,64,10.02
2025-09-05 19:10:58,3444,57,9.66
2025-09-05 19:21:11,3360,55,15.79
2025-09-05 19:31:30,3344,64,10.87
2025-09-05 19:41:08,3443,65,13.86
2025-09-05 19:51:06,3674,59,13.76
2025-09-05 20:01:24,3751,60,11.07
2025-09-05 20:11:05,3735,63,14.24
2025-09-05 20:20:59,3962,64,11.21
2025-09-05 20:31:16,4549,77,10.33
2025-09-05 20:41:01,4715,77,4.49
2025-09-05 20:51:00,4938,85,13.63
2025-09-05 21:01:03,5023,92,10.6
2025-09-05 21:10:57,5221,85,3.86
2025-09-05 21:21:02,5186,95,11.59
2025-09-05 21:31:12,5183,114,12.87
2025-09-05 21:40:59,6672,116,9.8
2025-09-05 21:51:07,6667,107,14.96
2025-09-05 22:01:22,6798,117,13.32
2025-09-05 22:11:08,7130,121,11.66
2025-09-05 22:20:45,7546,122,3.42
2025-09-05 22:31:15,7345,131,10.93
2025-09-05 22:41:01,7266,133,12.7
2025-09-05 22:51:12,7969,134,33.15
2025-09-05 23:01:09,8137,129,9.98
2025-09-05 23:11:06,7784,124,11.52
2025-09-05 23:21:04,7924,133,13.56
2025-09-05 23:31:06,8394,128,10.9
2025-09-05 23:40:59,8495,128,4.34
2025-09-05 23:51:01,8379,122,10.96
2025-09-06 00:01:09,7940,116,23.62
2025-09-06 00:11:05,7825,110,11.74
2025-09-06 00:21:05,6899,112,14.13
2025-09-06 00:31:05,6664,114,10.62
2025-09-06 00:41:09,6464,111,13.88
2025-09-06 00:51:06,5760,111,11.77
2025-09-06 01:01:09,5700,121,11.4
2025-09-06 01:11:02,5438,127,10.14
2025-09-06 01:20:55,5259,112,11.64
2025-09-06 01:31:11,4829,101,11.16
2025-09-06 01:41:04,4841,95,10.34
2025-09-06 01:51:06,4632,93,9.13
2025-09-06 02:01:27,4159,87,11.98
2025-09-06 02:11:04,3693,80,11.08
2025-09-06 02:21:03,3554,82,10.5
2025-09-06 02:31:18,3660,85,11.53
2025-09-06 02:41:04,3396,72,29.44
2025-09-06 02:51:12,3430,70,13.59
2025-09-06 03:01:17,3426,62,11.5
2025-09-06 03:11:06,3021,62,9.26
2025-09-06 03:21:03,3105,55,12.8
2025-09-06 03:31:12,2978,60,10.62
2025-09-06 03:41:05,2914,67,9.81
2025-09-06 03:51:08,3241,67,18.86
2025-09-06 04:01:26,2742,58,9.69
2025-09-06 04:11:05,2883,61,10.8
2025-09-06 04:21:02,2585,66,15.98
2025-09-06 04:31:14,2485,63,10.95
2025-09-06 04:41:09,2337,52,12.13
2025-09-06 04:51:04,2388,52,10.16
2025-09-06 05:01:55,2313,50,11.81
2025-09-06 05:11:01,2260,56,3.62
2025-09-06 05:21:02,2364,52,11.45
2025-09-06 05:31:10,2239,49,10.05
2025-09-06 05:41:07,2266,55,13.17
2025-09-06 05:51:05,2339,52,13.03
2025-09-06 06:01:22,2465,60,11.13
2025-09-06 06:11:11,2360,54,14.39
2025-09-06 06:21:06,2488,56,4.36
2025-09-06 06:31:18,2455,51,4.72
2025-09-06 06:41:07,2684,62,11.11
2025-09-06 06:50:59,2728,62,3.52
2025-09-06 07:01:19,2557,15,10.24
2025-09-06 07:11:06,2622,55,11.1
2025-09-06 07:21:07,2512,61,9.46
2025-09-06 07:31:11,2865,65,10.14
2025-09-06 07:41:08,3006,65,8.96
2025-09-06 07:51:02,2759,59,10.24
2025-09-06 08:01:19,3118,71,10.31
2025-09-06 08:11:06,3165,70,14.82
2025-09-06 08:21:01,3289,69,9.27
2025-09-06 08:31:20,3098,63,12.68
2025-09-06 08:41:01,3421,68,9.42
2025-09-06 08:51:02,3588,71,8.71
2025-09-06 09:01:20,3510,74,12.61
2025-09-06 09:11:08,3518,71,12.98
2025-09-06 09:20:59,3668,77,9.52
2025-09-06 09:31:12,3474,72,12.75
2025-09-06 09:40:59,3260,78,12.84
2025-09-06 09:51:07,3302,71,12.71
2025-09-06 10:01:20,3585,70,11.07
2025-09-06 10:11:08,3327,74,9.55
2025-09-06 10:20:56,3266,75,5.65
2025-09-06 10:31:16,3558,63,10.16
2025-09-06 10:41:02,3556,68,10.2
2025-09-06 10:51:04,4171,67,12.74
2025-09-06 11:01:19,3876,67,13.36
2025-09-06 11:10:58,3987,65,11.01
2025-09-06 11:21:09,3643,64,12.42
2025-09-06 11:31:17,3942,70,15.88
2025-09-06 11:41:02,4032,69,12.95
2025-09-06 11:51:10,3575,64,10.68
2025-09-06 12:01:23,3684,72,14.36
2025-09-06 12:10:57,3669,76,14.59
2025-09-06 12:21:02,4089,71,10.79
2025-09-06 12:31:16,4046,65,9.5
2025-09-06 12:41:00,4015,72,10.77
2025-09-06 12:51:03,3663,62,19.9
2025-09-06 13:01:27,3627,66,11.2
2025-09-06 13:11:07,4011,67,10.74
2025-09-06 13:21:22,3694,57,29.05
2025-09-06 13:31:14,3526,57,11.83
2025-09-06 13:41:01,3864,60,9.88
2025-09-06 13:51:01,3549,51,9.77
2025-09-06 14:01:13,3603,52,12.52
2025-09-06 14:11:01,3876,52,11.72
2025-09-06 14:20:57,3761,64,11.0
2025-09-06 14:31:19,3782,68,11.93
2025-09-06 14:41:03,3881,67,15.63
2025-09-06 14:51:02,3694,63,11.27
2025-09-06 15:02:28,3766,62,11.38
2025-09-06 15:10:59,3583,68,9.33
2025-09-06 15:20:56,3896,69,29.07
2025-09-06 15:31:23,3981,79,32.14
2025-09-06 15:41:00,3882,72,12.88
2025-09-06 15:50:58,4656,75,9.0
2025-09-06 16:01:19,4050,70,13.04
2025-09-06 16:11:00,4005,79,9.49
2025-09-06 16:20:56,4134,83,11.69
2025-09-06 16:31:08,4004,76,11.42
2025-09-06 16:41:03,4048,76,13.76
2025-09-06 16:50:57,3886,79,14.85
2025-09-06 17:01:21,4085,72,11.66
2025-09-06 17:10:55,3942,70,9.59
2025-09-06 17:21:12,4095,81,8.95
2025-09-06 17:31:12,3963,72,9.79
2025-09-06 17:40:59,4009,70,9.57
2025-09-06 17:50:55,3906,77,20.82
2025-09-06 18:01:12,4020,80,9.38
2025-09-06 18:10:58,3698,78,26.13
2025-09-06 18:20:52,3926,73,11.8
2025-09-06 18:31:12,3949,66,23.04
2025-09-06 18:41:00,4122,66,11.88
2025-09-06 18:50:53,3807,66,14.24
2025-09-06 19:01:18,3363,56,9.84
2025-09-06 19:10:58,3566,65,25.0
2025-09-06 19:20:54,3280,55,9.6
2025-09-06 19:31:11,3577,51,11.28
2025-09-06 19:40:55,3635,67,10.25
2025-09-06 19:51:00,3855,60,18.2
2025-09-06 20:01:11,3826,61,9.16
2025-09-06 20:10:57,3695,61,9.77
2025-09-06 20:20:57,3599,61,10.61
2025-09-06 20:31:15,3492,60,12.41
2025-09-06 20:41:42,3946,72,9.89
2025-09-06 20:51:03,3829,73,9.35
2025-09-06 21:01:13,4286,73,12.57
2025-09-06 21:10:57,3998,81,13.31
2025-09-06 21:21:01,4584,75,9.95
2025-09-06 21:31:08,5041,89,9.85
2025-09-06 21:40:56,5504,96,10.62
2025-09-06 21:50:56,5741,96,26.61
2025-09-06 22:01:13,5551,95,10.3
2025-09-06 22:10:51,5866,101,11.23
2025-09-06 22:20:57,6154,117,5.0
2025-09-06 22:31:08,6454,116,10.57
2025-09-06 22:41:02,6688,122,26.9
2025-09-06 22:51:00,7062,126,13.33
2025-09-06 23:01:13,7335,133,10.51
2025-09-06 23:10:59,7384,130,11.79
2025-09-06 23:20:55,7294,120,9.52
2025-09-06 23:31:12,7546,140,12.29
2025-09-06 23:41:07,7784,136,27.65
2025-09-06 23:50:55,7780,124,9.23
2025-09-07 00:01:18,7640,124,9.2
2025-09-07 00:11:00,8053,129,11.83
2025-09-07 00:21:05,7245,122,9.07
2025-09-07 00:31:15,7328,122,12.14
2025-09-07 00:40:57,6771,121,9.4
2025-09-07 00:50:59,6450,122,11.76
2025-09-07 01:01:17,6289,125,9.84
2025-09-07 01:10:57,5954,110,9.58
2025-09-07 01:20:51,5752,117,10.36
2025-09-07 01:31:17,5795,113,9.53
2025-09-07 01:41:01,5556,111,13.89
2025-09-07 01:51:00,4899,99,9.09
2025-09-07 02:01:14,5023,108,14.47
2025-09-07 02:10:59,4634,102,9.76
2025-09-07 02:20:57,4809,111,12.73
2025-09-07 02:31:06,4400,90,12.31
2025-09-07 02:40:52,4370,82,11.89
2025-09-07 02:50:50,3984,85,10.27
2025-09-07 03:01:18,3988,87,11.25
2025-09-07 03:11:02,3646,77,13.13
2025-09-07 03:20:57,3534,75,13.67
2025-09-07 03:31:13,3336,84,8.89
2025-09-07 03:41:01,3147,79,10.34
2025-09-07 03:50:56,3301,78,9.58
2025-09-07 04:01:16,3116,79,12.03
2025-09-07 04:10:56,2977,78,10.69
2025-09-07 04:20:59,2892,74,8.87
2025-09-07 04:31:14,2928,69,10.94
2025-09-07 04:40:56,2918,71,30.4
2025-09-07 04:51:01,2721,55,18.72
2025-09-07 05:01:17,2896,64,10.09
2025-09-07 05:12:39,2623,61,11.1
2025-09-07 05:20:54,2802,66,9.52
2025-09-07 05:31:12,2815,63,5.11
2025-09-07 05:40:58,2828,73,10.55
2025-09-07 05:51:02,2768,75,11.92
2025-09-07 06:01:19,2930,70,10.21
2025-09-07 06:11:03,2983,66,13.06
2025-09-07 06:21:00,2913,59,9.45
2025-09-07 06:31:10,2718,64,11.7
2025-09-07 06:40:55,2879,67,11.3
2025-09-07 06:50:57,3053,64,11.5
2025-09-07 07:01:14,2860,12,10.78
2025-09-07 07:10:59,2830,67,13.32
2025-09-07 07:21:04,3171,72,11.85
2025-09-07 07:31:16,3453,72,13.8
2025-09-07 07:40:59,3387,70,9.7
2025-09-07 07:50:57,3633,69,20.64
2025-09-07 08:01:23,3826,71,12.49
2025-09-07 08:11:02,3621,77,15.99
2025-09-07 08:20:53,3726,75,9.54
2025-09-07 08:31:14,4029,72,11.45
2025-09-07 08:41:01,3952,72,8.99
2025-09-07 08:51:02,3758,69,13.71
2025-09-07 09:01:12,3947,80,9.28
2025-09-07 09:11:11,4092,73,34.5
2025-09-07 09:21:00,4029,74,9.5
2025-09-07 09:31:10,4229,91,8.92
2025-09-07 09:40:57,4498,86,8.83
2025-09-07 09:50:59,4063,87,12.43
2025-09-07 10:01:19,4482,91,10.07
2025-09-07 10:11:08,4830,81,50.76
2025-09-07 10:20:58,4767,83,17.66
2025-09-07 10:31:11,4683,87,15.62
2025-09-07 10:40:58,4943,84,16.68
2025-09-07 10:51:00,4618,98,13.68
2025-09-07 11:01:18,4527,100,4.33
2025-09-07 11:10:59,4855,80,10.33
2025-09-07 11:20:55,4658,84,10.82
2025-09-07 11:31:12,4866,94,9.51
2025-09-07 11:40:59,4610,85,9.41
2025-09-07 11:50:58,4591,88,15.6
2025-09-07 12:01:12,5097,96,12.14
2025-09-07 12:10:57,4946,86,12.8
2025-09-07 12:20:59,4917,79,13.52
2025-09-07 12:31:12,4622,79,8.91
2025-09-07 12:40:59,4443,79,12.07
2025-09-07 12:51:02,4388,80,12.88
2025-09-07 13:01:18,4844,78,9.07
2025-09-07 13:11:10,,,350.22
2025-09-07 13:20:56,4822,75,10.68
2025-09-07 13:31:10,4877,80,20.11
2025-09-07 13:40:52,4882,84,11.01
2025-09-07 13:50:58,4785,82,12.34
2025-09-07 14:01:14,4476,89,17.79
2025-09-07 14:10:55,4729,96,10.17
2025-09-07 14:20:56,5120,90,11.21
2025-09-07 14:31:10,5207,94,11.39
2025-09-07 14:40:56,5733,89,13.84
2025-09-07 14:50:52,5507,95,10.79
2025-09-07 15:01:22,5568,87,11.08
2025-09-07 15:10:57,5691,89,13.91
2025-09-07 15:20:51,5204,97,13.88
2025-09-07 15:31:15,5237,91,13.02
2025-09-07 15:40:58,5565,89,12.86
2025-09-07 15:51:04,6014,93,18.46
2025-09-07 16:01:18,6195,96,14.0
2025-09-07 16:10:54,5408,89,11.48
2025-09-07 16:20:59,5630,91,8.99
2025-09-07 16:31:13,5841,107,12.99
2025-09-07 16:40:57,5610,96,9.9
2025-09-07 16:51:00,5725,89,12.98
2025-09-07 17:01:24,5600,88,42.23
2025-09-07 17:11:02,5864,87,11.54
2025-09-07 17:21:01,5529,92,11.69
2025-09-07 17:31:18,5743,92,27.56
2025-09-07 17:40:58,5549,93,9.46
2025-09-07 17:51:02,5810,92,13.54
2025-09-07 18:01:16,5483,85,7.12
2025-09-07 18:11:03,5470,88,16.44
2025-09-07 18:21:01,5662,79,15.99
2025-09-07 18:31:10,5219,74,3.59
2025-09-07 18:41:02,5041,79,12.71
2025-09-07 18:51:01,4974,77,12.83
2025-09-07 19:01:14,5171,72,10.82
2025-09-07 19:10:55,5007,71,10.51
2025-09-07 19:20:58,4828,81,8.68
2025-09-07 19:31:13,4957,84,10.77
2025-09-07 19:40:56,4790,82,12.17
2025-09-07 19:50:50,4824,91,19.34
2025-09-07 20:01:15,5285,77,13.69
2025-09-07 20:11:03,5228,82,18.42
2025-09-07 20:21:16,5505,85,30.2
2025-09-07 20:31:14,5998,94,11.39
2025-09-07 20:41:40,5880,94,11.5
2025-09-07 20:51:01,5590,96,14.41
2025-09-07 21:01:18,5997,101,14.69
2025-09-07 21:11:03,6563,106,12.13
2025-09-07 21:21:00,7011,118,12.08
2025-09-07 21:31:11,7652,121,12.11
2025-09-07 21:40:55,8014,124,13.78
2025-09-07 21:50:51,8161,124,13.15
2025-09-07 22:01:22,8210,110,13.57
2025-09-07 22:10:57,7885,119,13.93
2025-09-07 22:21:00,8836,121,10.54
2025-09-07 22:31:39,8571,126,12.02
2025-09-07 22:41:12,8251,131,21.13
2025-09-07 22:50:59,9121,119,13.26
2025-09-07 23:01:21,9108,136,12.61
2025-09-07 23:10:53,8698,128,3.86
2025-09-07 23:20:55,8752,133,9.57
2025-09-07 23:31:11,7376,134,14.69
2025-09-07 23:41:00,7483,125,10.75
2025-09-07 23:51:02,7161,113,16.11
2025-09-08 00:01:11,6560,116,13.51
2025-09-08 00:11:01,5963,110,14.83
2025-09-08 00:21:05,5761,110,12.86
2025-09-08 00:31:17,5552,111,13.05
2025-09-08 00:40:56,5080,106,10.53
2025-09-08 00:50:53,4914,106,9.36
2025-09-08 01:01:13,4577,100,14.03
2025-09-08 01:11:04,3748,90,10.48
2025-09-08 01:20:56,3596,94,9.33
2025-09-08 01:31:12,3658,87,9.47
2025-09-08 01:41:02,3306,72,12.92
2025-09-08 01:51:01,3109,73,3.6
2025-09-08 02:01:16,2714,66,11.69
2025-09-08 02:11:00,2633,58,14.69
2025-09-08 02:21:01,2530,49,12.12
2025-09-08 02:31:11,2268,46,5.0
2025-09-08 02:40:59,2212,45,11.59
2025-09-08 02:50:56,1967,34,10.79
2025-09-08 03:01:17,1852,45,17.1
2025-09-08 03:10:59,1804,41,11.66
2025-09-08 03:20:59,1823,39,10.03
2025-09-08 03:31:09,1650,38,11.85
2025-09-08 03:41:07,1593,36,13.29
2025-09-08 03:51:01,1508,43,14.22
2025-09-08 04:01:18,1588,47,11.41
2025-09-08 04:10:56,1476,38,11.5
2025-09-08 04:20:51,1415,39,3.37
2025-09-08 04:31:12,1688,41,15.16
2025-09-08 04:40:53,1609,41,10.85
2025-09-08 04:51:02,1498,39,10.74
2025-09-08 05:01:15,1619,34,12.54
2025-09-08 05:11:01,1539,34,14.45
2025-09-08 05:21:11,1615,31,23.89
2025-09-08 05:31:07,1636,38,9.37
2025-09-08 05:40:54,1607,30,13.05
2025-09-08 05:51:01,1662,36,11.57
2025-09-08 06:01:13,1764,35,14.05
2025-09-08 06:10:55,1862,34,9.18
2025-09-08 06:21:07,1854,41,14.63
2025-09-08 06:31:10,1749,41,12.23
2025-09-08 06:41:01,2056,39,10.83
2025-09-08 06:50:58,2044,42,10.52
2025-09-08 07:01:23,1705,16,14.33
2025-09-08 07:10:49,2020,41,9.08
2025-09-08 07:20:56,2322,58,5.02
2025-09-08 07:31:13,2132,49,10.32
2025-09-08 07:40:58,2359,62,11.34
2025-09-08 07:51:02,2312,69,7.37
2025-09-08 08:01:18,2493,66,11.58
2025-09-08 08:10:57,2743,73,9.95
2025-09-08 08:20:58,2734,69,9.43
2025-09-08 08:31:10,3035,68,10.41
2025-09-08 08:41:01,2981,66,10.91
2025-09-08 08:51:12,3358,66,31.81
2025-09-08 09:01:22,3263,74,11.53
2025-09-08 09:10:56,3238,69,13.77
2025-09-08 09:20:58,3306,84,10.55
2025-09-08 09:31:19,3665,78,14.25
2025-09-08 09:40:59,3307,85,11.19
2025-09-08 09:50:56,3566,75,11.95
2025-09-08 10:01:22,3796,87,15.11
2025-09-08 10:10:54,3973,85,11.13
2025-09-08 10:21:00,4066,88,12.46
2025-09-08 10:31:13,3776,83,12.89
2025-09-08 10:40:57,3826,74,19.58
2025-09-08 10:51:06,3741,83,10.42
2025-09-08 11:01:15,3999,73,11.54
2025-09-08 11:10:59,4007,86,14.08
2025-09-08 11:20:59,4230,87,10.04
2025-09-08 11:31:09,3888,82,28.87
2025-09-08 11:41:01,3636,84,9.41
2025-09-08 11:50:59,3463,81,11.19
2025-09-08 12:01:20,3548,81,10.58
2025-09-08 12:10:53,3528,73,10.79
2025-09-08 12:21:04,3833,81,14.19
2025-09-08 12:31:13,3981,86,10.49
2025-09-08 12:40:58,3941,77,9.75
2025-09-08 12:50:59,4252,72,10.35
2025-09-08 13:01:16,3936,81,12.19
2025-09-08 13:11:05,3789,81,11.39
2025-09-08 13:20:54,3995,78,9.77
2025-09-08 13:31:14,3467,88,12.61
2025-09-08 13:41:02,3557,78,13.91
2025-09-08 13:51:14,3854,68,10.28
2025-09-08 14:01:22,3615,66,11.54
2025-09-08 14:11:12,3881,87,14.45
2025-09-08 14:21:02,3718,78,16.49
2025-09-08 14:31:14,3733,77,9.73
2025-09-08 14:41:00,4128,73,9.57
2025-09-08 14:50:56,4116,63,11.65
2025-09-08 15:01:14,4278,65,20.42
2025-09-08 15:10:57,4255,72,14.53
2025-09-08 15:20:58,4051,69,9.03
2025-09-08 15:31:10,4180,58,12.69
2025-09-08 15:41:00,4366,66,9.53
2025-09-08 15:51:06,4052,78,11.42
2025-09-08 16:01:27,3937,71,20.99
2025-09-08 16:10:57,3864,80,4.76
2025-09-08 16:21:05,3691,76,5.54
2025-09-08 16:31:11,3915,75,7.01
2025-09-08 16:41:01,4166,73,13.73
2025-09-08 16:51:11,4044,73,6.07
2025-09-08 17:01:36,3965,65,15.82
2025-09-08 17:11:15,4272,76,11.74
2025-09-08 17:21:17,4278,67,13.22
2025-09-08 17:31:47,4310,68,16.45
2025-09-08 17:41:37,4344,74,11.29
2025-09-08 17:51:50,4266,74,16.74
2025-09-08 18:02:19,3780,69,13.73
2025-09-08 18:11:40,4095,70,11.76
2025-09-08 18:22:13,4058,65,5.24
2025-09-08 18:32:24,3962,67,9.79
2025-09-08 18:40:57,4118,69,10.56
2025-09-08 18:51:11,3849,69,6.59
2025-09-08 19:01:31,3902,60,10.05
2025-09-08 19:11:34,4237,71,11.41
2025-09-08 19:21:13,4017,76,11.68
2025-09-08 19:31:11,4267,84,4.89
2025-09-08 19:40:55,4315,74,11.95
2025-09-08 19:51:03,4413,74,5.12
2025-09-08 20:01:16,4255,68,13.31
2025-09-08 20:11:09,4307,75,12.31
2025-09-08 20:21:03,4665,74,5.03
2025-09-08 20:31:09,4620,75,13.6
2025-09-08 20:41:01,4726,69,22.17
2025-09-08 20:51:03,5102,84,11.65
2025-09-08 21:01:19,5389,72,18.02
2025-09-08 21:10:59,4918,83,18.68
2025-09-08 21:21:03,5616,71,10.84
2025-09-08 21:31:18,5494,90,11.51
2025-09-08 21:41:03,5975,91,12.09
2025-09-08 21:51:06,6101,88,18.35
2025-09-08 22:01:22,6025,101,12.32
2025-09-08 22:11:05,6003,92,15.0
2025-09-08 22:20:57,6822,97,21.56
2025-09-08 22:31:18,6680,98,9.97
2025-09-08 22:41:02,6317,102,10.52
2025-09-08 22:50:50,6194,86,13.58
2025-09-08 23:01:10,6480,87,11.65
2025-09-08 23:10:56,6856,86,17.63
2025-09-08 23:20:56,6228,105,9.3
2025-09-08 23:31:23,5945,97,27.91
2025-09-08 23:40:56,5820,90,6.94
2025-09-08 23:50:58,5375,84,13.59
2025-09-09 00:01:19,5271,84,4.34
2025-09-09 00:11:01,4229,76,12.12
2025-09-09 00:20:59,4402,76,9.55
2025-09-09 00:31:30,4067,81,43.88
2025-09-09 00:41:01,4157,71,10.48
2025-09-09 00:51:03,3618,72,12.57
2025-09-09 01:01:13,3293,70,10.36
2025-09-09 01:11:05,3068,68,18.9
2025-09-09 01:20:58,3112,58,14.36
2025-09-09 01:31:12,2849,56,13.23
2025-09-09 01:40:59,2675,56,36.24
2025-09-09 01:51:00,2415,47,10.43
2025-09-09 02:01:17,2413,43,13.14
2025-09-09 02:11:06,2260,41,12.91
2025-09-09 02:20:54,2159,39,24.44
2025-09-09 02:31:10,2151,36,12.82
2025-09-09 02:40:59,1897,35,26.23
2025-09-09 02:51:02,1763,40,25.7
2025-09-09 03:01:13,1653,34,9.63
2025-09-09 03:11:00,1458,35,11.47
2025-09-09 03:20:54,1446,36,11.62
2025-09-09 03:31:08,1379,31,13.91
2025-09-09 03:40:54,1333,31,13.73
2025-09-09 03:50:57,1202,26,14.54
2025-09-09 04:01:20,1157,27,35.49
2025-09-09 04:10:56,1099,28,11.61
2025-09-09 04:21:02,1118,26,12.14
2025-09-09 04:31:05,1246,32,25.59
2025-09-09 04:40:55,1133,33,22.44
2025-09-09 04:51:02,1207,31,12.39
2025-09-09 05:01:17,1199,25,10.86
2025-09-09 05:12:40,1261,31,11.72
2025-09-09 05:21:01,1244,35,10.74
2025-09-09 05:31:16,1250,25,9.51
2025-09-09 05:40:51,1416,32,12.0
2025-09-09 05:50:57,1548,35,14.61
2025-09-09 06:01:20,1503,35,12.87
2025-09-09 06:11:08,1488,31,17.58
2025-09-09 06:21:02,1544,34,9.27
2025-09-09 06:31:15,1438,30,12.42
2025-09-09 06:41:22,1474,28,11.01
2025-09-09 06:50:58,1609,29,11.44
2025-09-09 07:01:24,1616,13,22.24
2025-09-09 07:10:59,1579,29,13.84
2025-09-09 07:21:01,1654,26,15.87
2025-09-09 07:31:14,1890,31,9.96
2025-09-09 07:40:53,2041,39,14.12
2025-09-09 07:50:57,1910,48,15.25
2025-09-09 08:01:22,1950,50,9.52
2025-09-09 08:11:03,2133,52,5.54
2025-09-09 08:21:07,2174,61,27.02
2025-09-09 08:31:14,2304,59,16.19
2025-09-09 08:40:59,2526,66,11.04
2025-09-09 08:51:16,2509,54,6.13
2025-09-09 09:01:15,2574,56,10.81
2025-09-09 09:11:05,2532,62,29.49
2025-09-09 09:21:04,2606,63,12.92
2025-09-09 09:31:27,2580,60,23.04
2025-09-09 09:40:51,2975,59,10.21
2025-09-09 09:51:08,2933,56,17.27
2025-09-09 10:01:28,2780,59,30.14
2025-09-09 10:11:05,3162,64,14.24
2025-09-09 10:21:02,3069,67,11.21
2025-09-09 10:31:17,3232,72,31.44
2025-09-09 10:41:03,3270,77,29.58
2025-09-09 10:51:00,3196,74,12.48
2025-09-09 11:01:20,3541,79,10.07
2025-09-09 11:11:02,3193,77,10.0
2025-09-09 11:21:04,3425,76,13.76
2025-09-09 11:31:13,3427,71,4.8
2025-09-09 11:41:01,3453,65,10.86
2025-09-09 11:50:56,3197,75,9.68
2025-09-09 12:01:18,3329,77,9.95
2025-09-09 12:10:56,3592,74,9.82
2025-09-09 12:20:59,3255,71,9.77
2025-09-09 12:31:17,3319,75,17.86
2025-09-09 12:41:06,3518,64,12.79
2025-09-09 12:51:01,3416,68,15.52
2025-09-09 13:01:14,3612,68,10.74
2025-09-09 13:11:04,3377,73,11.74
2025-09-09 13:21:02,3604,72,10.82
2025-09-09 13:31:16,3356,70,12.25
2025-09-09 13:41:07,3205,75,11.14
2025-09-09 13:50:54,3459,70,10.49
2025-09-09 14:01:17,3302,65,10.11
2025-09-09 14:10:54,3413,67,26.96
2025-09-09 14:20:57,3530,69,10.69
2025-09-09 14:31:12,3656,65,10.62
2025-09-09 14:40:59,3371,69,12.09
2025-09-09 14:51:02,3615,64,17.29
2025-09-09 15:01:17,3427,71,11.3
2025-09-09 15:10:58,3592,65,9.6
2025-09-09 15:20:53,3588,73,9.76
2025-09-09 15:31:12,3521,67,11.61
2025-09-09 15:41:17,3408,71,11.71
2025-09-09 15:51:12,3728,71,27.51
2025-09-09 16:01:27,3737,81,10.64
2025-09-09 16:11:06,3620,81,11.16
2025-09-09 16:21:11,4013,73,28.11
2025-09-09 16:31:27,4127,77,24.15
2025-09-09 16:41:01,3863,72,11.75
2025-09-09 16:51:26,4321,71,11.43
2025-09-09 17:01:19,4112,69,4.44
2025-09-09 17:11:18,4042,63,46.21
2025-09-09 17:21:10,4378,65,47.5
2025-09-09 17:31:11,4146,69,10.38
2025-09-09 17:41:05,3846,61,10.44
2025-09-09 17:51:24,3765,61,33.09
2025-09-09 18:01:17,3899,57,10.47
2025-09-09 18:11:07,3665,66,13.47
2025-09-09 18:21:16,4000,52,33.39
2025-09-09 18:31:22,4018,72,30.92
2025-09-09 18:41:10,3883,74,16.77
2025-09-09 18:51:48,3716,74,65.48
2025-09-09 19:01:19,3704,55,5.3
2025-09-09 19:10:55,3624,63,21.99
2025-09-09 19:21:10,3617,61,30.85
2025-09-09 19:31:24,3872,55,11.89
2025-09-09 19:41:05,3823,55,12.44
2025-09-09 19:51:09,3760,59,27.3
2025-09-09 20:01:23,4303,68,26.69
2025-09-09 20:11:06,4958,73,22.97
2025-09-09 20:20:57,4604,74,14.24
2025-09-09 20:31:36,5092,60,29.83
